id,tenant_id,site_id,supplier_id,supplier_name,supplier_status,snapshot_id,source_system,source_record_id,source_version,authority,observed_at,effective_from,effective_to,required_scopes,content_hash,created_at
f9e72caa-37fe-521f-a262-f9411ca74df4,HX-TENANT-ALPHA,HX-SITE-A1,HX-V2-SUP-001,Northstar Synthetic Supply 01,APPROVED,hx-mfg-v1-snapshot-001,MDM,MDM-SUP-HX-V2-SUP-001,v1,approved_supplier_master,2026-08-01T12:00:00Z,2026-01-01T00:00:00Z,,"{""quality""}",2a06e386e9cc4556e1734e5212ffb48f66868f2dcff02055a10dd4c86ed24a93,2026-08-01T12:05:00Z
ac6ae821-dac4-5c3f-86ef-5feddf29648b,HX-TENANT-ALPHA,HX-SITE-A1,HX-V2-SUP-002,Northstar Synthetic Supply 02,APPROVED,hx-mfg-v1-snapshot-001,MDM,MDM-SUP-HX-V2-SUP-002,v1,approved_supplier_master,2026-08-01T12:00:00Z,2026-01-01T00:00:00Z,,"{""quality""}",7a45413cc2eb6325127ce82ae4b8f3f9e3c50686df3ca03f54f339239ca80ccb,2026-08-01T12:05:00Z
2b4946c9-7192-5810-8e29-a6b10276c706,HX-TENANT-ALPHA,HX-SITE-A1,HX-V2-SUP-003,Northstar Synthetic Supply 03,APPROVED,hx-mfg-v1-snapshot-001,MDM,MDM-SUP-HX-V2-SUP-003,v1,approved_supplier_master,2026-08-01T12:00:00Z,2026-01-01T00:00:00Z,,"{""quality""}",6ac7ae812b1dd0b645962bfdd3f54a59bca41cd80f123d918499f4ebeb29a3ac,2026-08-01T12:05:00Z
8978dfb6-6077-5f4b-9ae3-92dfe7905baf,HX-TENANT-ALPHA,HX-SITE-A1,HX-V2-SUP-004,Northstar Synthetic Supply 04,APPROVED,hx-mfg-v1-snapshot-001,MDM,MDM-SUP-HX-V2-SUP-004,v1,approved_supplier_master,2026-08-01T12:00:00Z,2026-01-01T00:00:00Z,,"{""quality""}",8fecf5dba16527b44498b9949119477d013f485f1c276f3a659aec05628fad83,2026-08-01T12:05:00Z
8685977d-c4d8-556a-8911-d750698addc0,HX-TENANT-ALPHA,HX-SITE-A1,HX-V2-SUP-005,Northstar Synthetic Supply 05,APPROVED,hx-mfg-v1-snapshot-001,MDM,MDM-SUP-HX-V2-SUP-005,v1,approved_supplier_master,2026-08-01T12:00:00Z,2026-01-01T00:00:00Z,,"{""quality""}",f49f25abf4c6eea7fc61aba52e009dde3b7f53aea7a26e96aa94480d1be7e487,2026-08-01T12:05:00Z
df48835a-4cca-53a1-b48a-19a51249060a,HX-TENANT-ALPHA,HX-SITE-A1,HX-V2-SUP-006,Northstar Synthetic Supply 06,APPROVED,hx-mfg-v1-snapshot-001,MDM,MDM-SUP-HX-V2-SUP-006,v1,approved_supplier_master,2026-08-01T12:00:00Z,2026-01-01T00:00:00Z,,"{""quality""}",3c5392e1461bebf22fb6bded24c947b869a34ebd99abdc4987e698bb13312b4f,2026-08-01T12:05:00Z
8649907b-1117-5682-bca0-159c087abb25,HX-TENANT-ALPHA,HX-SITE-A1,HX-V2-SUP-007,Northstar Synthetic Supply 07,APPROVED,hx-mfg-v1-snapshot-001,MDM,MDM-SUP-HX-V2-SUP-007,v1,approved_supplier_master,2026-08-01T12:00:00Z,2026-01-01T00:00:00Z,,"{""quality""}",f79cb920a2ff3916e14fcfeb7c669eae4046e8ed6c5b4a789ab0aa238d45da7e,2026-08-01T12:05:00Z
11bc2699-4eba-53df-8db6-e7139ca7f68a,HX-TENANT-ALPHA,HX-SITE-A1,HX-V2-SUP-008,Northstar Synthetic Supply 08,APPROVED,hx-mfg-v1-snapshot-001,MDM,MDM-SUP-HX-V2-SUP-008,v1,approved_supplier_master,2026-08-01T12:00:00Z,2026-01-01T00:00:00Z,,"{""quality""}",9edba5f1fdccf4170f222f54476b4efffe3640087a15a1ef995801dee4dead40,2026-08-01T12:05:00Z
807f19e8-99e9-5332-85ae-039b34cdb8a7,HX-TENANT-ALPHA,HX-SITE-A1,HX-V2-SUP-009,Northstar Synthetic Supply 09,APPROVED,hx-mfg-v1-snapshot-001,MDM,MDM-SUP-HX-V2-SUP-009,v1,approved_supplier_master,2026-08-01T12:00:00Z,2026-01-01T00:00:00Z,,"{""quality""}",d87e049b7dd17cb4e734598d960ab938c3ad3f14016853d0254b388170dcbcfd,2026-08-01T12:05:00Z
520c917a-77da-5a1a-90fc-ac075702fd04,HX-TENANT-ALPHA,HX-SITE-A1,HX-V2-SUP-010,Northstar Synthetic Supply 10,APPROVED,hx-mfg-v1-snapshot-001,MDM,MDM-SUP-HX-V2-SUP-010,v1,approved_supplier_master,2026-08-01T12:00:00Z,2026-01-01T00:00:00Z,,"{""quality""}",94e2e683026431187d25afc687301308f0f843f5b21536b23298343c5135b9da,2026-08-01T12:05:00Z
71740711-9d13-5df8-9e9d-af0adbef3d77,HX-TENANT-ALPHA,HX-SITE-A1,HX-V2-SUP-011,Northstar Synthetic Supply 11,APPROVED,hx-mfg-v1-snapshot-001,MDM,MDM-SUP-HX-V2-SUP-011,v1,approved_supplier_master,2026-08-01T12:00:00Z,2026-01-01T00:00:00Z,,"{""quality""}",07cc43059a5ee62ac63817dc218f6bac117fa5759dec6a6b48ba261efdce338e,2026-08-01T12:05:00Z
a14b7d35-9e6b-5582-a809-442a935acc99,HX-TENANT-ALPHA,HX-SITE-A1,HX-V2-SUP-012,Northstar Synthetic Supply 12,APPROVED,hx-mfg-v1-snapshot-001,MDM,MDM-SUP-HX-V2-SUP-012,v1,approved_supplier_master,2026-08-01T12:00:00Z,2026-01-01T00:00:00Z,,"{""quality""}",56bdf0a19231ea226e912c7f22ef425945ea180b6bd2802276269c2b83b80662,2026-08-01T12:05:00Z
f6229ebd-06f4-51c1-a0f0-3c3765bda7fb,HX-TENANT-ALPHA,HX-SITE-A1,HX-V2-SUP-013,Northstar Synthetic Supply 13,APPROVED,hx-mfg-v1-snapshot-001,MDM,MDM-SUP-HX-V2-SUP-013,v1,approved_supplier_master,2026-08-01T12:00:00Z,2026-01-01T00:00:00Z,,"{""quality""}",4de4f2a3a823b2c20c89cba5f4ccb657ce5c107fc7f4847417077608163ef1bb,2026-08-01T12:05:00Z
003ba291-17fa-5330-84ae-770af6728e62,HX-TENANT-ALPHA,HX-SITE-A1,HX-V2-SUP-014,Northstar Synthetic Supply 14,APPROVED,hx-mfg-v1-snapshot-001,MDM,MDM-SUP-HX-V2-SUP-014,v1,approved_supplier_master,2026-08-01T12:00:00Z,2026-01-01T00:00:00Z,,"{""quality""}",5ea66d65b9137637dc63fc212976fef9dede8efd067a8a3e94ecd44b2e7244e1,2026-08-01T12:05:00Z
2367ef99-a7e1-5bf7-a0c2-5de3e89af0c9,HX-TENANT-ALPHA,HX-SITE-A1,HX-V2-SUP-015,Northstar Synthetic Supply 15,APPROVED,hx-mfg-v1-snapshot-001,MDM,MDM-SUP-HX-V2-SUP-015,v1,approved_supplier_master,2026-08-01T12:00:00Z,2026-01-01T00:00:00Z,,"{""quality""}",ec049027ab007b52b250b0dc197a65ab73c49a35b741c7daf36e39951da7f7ff,2026-08-01T12:05:00Z
d1b04f17-8794-5227-af2a-eccc0dfbc6e5,HX-TENANT-BETA,HX-SITE-B1,HX-V2-SUP-014,Borealis Synthetic Supply 14,APPROVED,hx-mfg-v1-snapshot-001,MDM,MDM-BETA-SUP-HX-V2-SUP-014,v1,approved_supplier_master,2026-08-01T12:00:00Z,2026-01-01T00:00:00Z,,"{""quality""}",bf5e56b821b37c793558752cf88fee49eb5e8f4f1b1e0ab0b0e0f003d8139e91,2026-08-01T12:05:00Z
